<!DOCTYPE SpriteDecomposer>
<sprites image="cyclops.png" transparentColor="D8D8D8">
 <animation title="stay" delay="350">
  <cut w="40" x="39" y="160" h="73" row="1" col="1"/>
  <cut w="44" x="140" y="160" h="75" row="1" col="1"/>
  <cut w="44" x="248" y="160" h="75" row="1" col="1"/>
  <cut w="44" x="348" y="160" h="75" row="1" col="1"/>
  <cut w="44" x="455" y="160" h="75" row="1" col="1"/>
  <cut w="44" x="559" y="160" h="75" row="1" col="1"/>
 </animation>
  <animation title="duck" delay="250">
  <cut w="40" x="39" y="160" h="73" row="1" col="1"/>
 </animation>
  <animation title="climb" delay="150">
  <cut w="40" x="39" y="160" h="73" row="1" col="1"/>
 </animation>
 <animation title="jump" delay="250">
  <cut w="48" x="22" y="485" h="80" row="1" col="1"/>
  <cut w="35" x="132" y="485" h="65" row="1" col="1"/>
  <cut w="44" x="221" y="484" h="67" row="1" col="1"/>
  <cut w="53" x="321" y="484" h="77" row="1" col="1"/>
 </animation>
 <animation title="walk" delay="250">
  <cut w="31" x="34" y="361" h="76" row="1" col="1"/>
  <cut w="60" x="135" y="361" h="74" row="1" col="1"/>
  <cut w="55" x="259" y="362" h="75" row="1" col="1"/>
  <cut w="31" x="397" y="361" h="76" row="1" col="1"/>
  <cut w="60" x="494" y="360" h="74" row="1" col="1"/>
  <cut w="56" x="621" y="362" h="75" row="1" col="1"/>
 </animation>
 <animation title="shoot" delay="250">
  <cut w="46" x="41" y="1001" h="74" row="1" col="1"/>
  <cut w="49" x="153" y="1001" h="74" row="1" col="1"/>
  <cut w="49" x="277" y="1001" h="74" row="1" col="1"/>
 </animation>
 <animation title="shootAndWalk" delay="250">
  <cut w="31" x="34" y="361" h="76" row="1" col="1"/>
  <cut w="60" x="135" y="361" h="74" row="1" col="1"/>
  <cut w="55" x="259" y="362" h="75" row="1" col="1"/>
  <cut w="31" x="397" y="361" h="76" row="1" col="1"/>
  <cut w="60" x="494" y="360" h="74" row="1" col="1"/>
  <cut w="56" x="621" y="362" h="75" row="1" col="1"/>
 </animation>
 <animation title="hit" delay="150">
  <cut w="48" x="704" y="167" h="68" row="1" col="1"/>
 </animation>
</sprites>
